biosample_accession	library_ID	bioproject_accession	title	library_strategy	library_source	library_selection	library_layout	platform	instrument_model	design_description	filetype	filename	filename2
SAMN13502273	01.tp.09	PRJNA545312	Stool sample of allo-HCT patient	amplicon	GENOMIC	PCR	paired	ILLUMINA	Illumina MiSeq	PCR amplification of 16S V4-V5 regions; Bead-beating, phenol chloroform DNA extraction	fastq	01.tp.09_R1.fastq.gz	01.tp.09_R2.fastq.gz
SAMN13502274	01.tp.42	PRJNA545312	Stool sample of allo-HCT patient	amplicon	GENOMIC	PCR	paired	ILLUMINA	Illumina MiSeq	PCR amplification of 16S V4-V5 regions; Bead-beating, phenol chloroform DNA extraction	fastq	01.tp.42_R1.fastq.gz	01.tp.42_R2.fastq.gz
SAMN13502275	02.tp.19	PRJNA545312	Stool sample of allo-HCT patient	amplicon	GENOMIC	PCR	paired	ILLUMINA	Illumina MiSeq	PCR amplification of 16S V4-V5 regions; Bead-beating, phenol chloroform DNA extraction	fastq	02.tp.19_R1.fastq.gz	02.tp.19_R2.fastq.gz
SAMN13502276	02.tp.20	PRJNA545312	Stool sample of allo-HCT patient	amplicon	GENOMIC	PCR	paired	ILLUMINA	Illumina MiSeq	PCR amplification of 16S V4-V5 regions; Bead-beating, phenol chloroform DNA extraction	fastq	02.tp.20_R1.fastq.gz	02.tp.20_R2.fastq.gz
SAMN13502277	05.aes.472	PRJNA545312	Stool sample of allo-HCT patient	amplicon	GENOMIC	PCR	paired	ILLUMINA	Illumina MiSeq	PCR amplification of 16S V4-V5 regions; Bead-beating, phenol chloroform DNA extraction	fastq	05.aes.472_R1.fastq.gz	05.aes.472_R2.fastq.gz
SAMN13502278	10.aes.139	PRJNA545312	Stool sample of allo-HCT patient	amplicon	GENOMIC	PCR	paired	ILLUMINA	Illumina MiSeq	PCR amplification of 16S V4-V5 regions; Bead-beating, phenol chloroform DNA extraction	fastq	10.aes.139_R1.fastq.gz	10.aes.139_R2.fastq.gz
SAMN13502279	1021C	PRJNA545312	Stool sample of allo-HCT patient	amplicon	GENOMIC	PCR	paired	ILLUMINA	Illumina MiSeq	PCR amplification of 16S V4-V5 regions; Bead-beating, phenol chloroform DNA extraction	fastq	1021C_R1.fastq.gz	1021C_R2.fastq.gz
SAMN13502280	1029E	PRJNA545312	Stool sample of allo-HCT patient	amplicon	GENOMIC	PCR	paired	ILLUMINA	Illumina MiSeq	PCR amplification of 16S V4-V5 regions; Bead-beating, phenol chloroform DNA extraction	fastq	1029E_R1.fastq.gz	1029E_R2.fastq.gz
SAMN13502281	1202S	PRJNA545312	Stool sample of allo-HCT patient	amplicon	GENOMIC	PCR	paired	ILLUMINA	Illumina MiSeq	PCR amplification of 16S V4-V5 regions; Bead-beating, phenol chloroform DNA extraction	fastq	1202S_R1.fastq.gz	1202S_R2.fastq.gz
SAMN13502282	1234A	PRJNA545312	Stool sample of allo-HCT patient	amplicon	GENOMIC	PCR	paired	ILLUMINA	Illumina MiSeq	PCR amplification of 16S V4-V5 regions; Bead-beating, phenol chloroform DNA extraction	fastq	1234A_R1.fastq.gz	1234A_R2.fastq.gz
SAMN13502283	1234B	PRJNA545312	Stool sample of allo-HCT patient	amplicon	GENOMIC	PCR	paired	ILLUMINA	Illumina MiSeq	PCR amplification of 16S V4-V5 regions; Bead-beating, phenol chloroform DNA extraction	fastq	1234B_R1.fastq.gz	1234B_R2.fastq.gz
SAMN13502284	13.aes.05	PRJNA545312	Stool sample of allo-HCT patient	amplicon	GENOMIC	PCR	paired	ILLUMINA	Illumina MiSeq	PCR amplification of 16S V4-V5 regions; Bead-beating, phenol chloroform DNA extraction	fastq	13.aes.05_R1.fastq.gz	13.aes.05_R2.fastq.gz
SAMN13502285	13.aes.06	PRJNA545312	Stool sample of allo-HCT patient	amplicon	GENOMIC	PCR	paired	ILLUMINA	Illumina MiSeq	PCR amplification of 16S V4-V5 regions; Bead-beating, phenol chloroform DNA extraction	fastq	13.aes.06_R1.fastq.gz	13.aes.06_R2.fastq.gz
SAMN13502286	13.aes.07	PRJNA545312	Stool sample of allo-HCT patient	amplicon	GENOMIC	PCR	paired	ILLUMINA	Illumina MiSeq	PCR amplification of 16S V4-V5 regions; Bead-beating, phenol chloroform DNA extraction	fastq	13.aes.07_R1.fastq.gz	13.aes.07_R2.fastq.gz
SAMN13502287	13.aes.08	PRJNA545312	Stool sample of allo-HCT patient	amplicon	GENOMIC	PCR	paired	ILLUMINA	Illumina MiSeq	PCR amplification of 16S V4-V5 regions; Bead-beating, phenol chloroform DNA extraction	fastq	13.aes.08_R1.fastq.gz	13.aes.08_R2.fastq.gz
SAMN13502288	13.aes.09	PRJNA545312	Stool sample of allo-HCT patient	amplicon	GENOMIC	PCR	paired	ILLUMINA	Illumina MiSeq	PCR amplification of 16S V4-V5 regions; Bead-beating, phenol chloroform DNA extraction	fastq	13.aes.09_R1.fastq.gz	13.aes.09_R2.fastq.gz
SAMN13502289	13.aes.10	PRJNA545312	Stool sample of allo-HCT patient	amplicon	GENOMIC	PCR	paired	ILLUMINA	Illumina MiSeq	PCR amplification of 16S V4-V5 regions; Bead-beating, phenol chloroform DNA extraction	fastq	13.aes.10_R1.fastq.gz	13.aes.10_R2.fastq.gz
SAMN13502290	13.aes.101	PRJNA545312	Stool sample of allo-HCT patient	amplicon	GENOMIC	PCR	paired	ILLUMINA	Illumina MiSeq	PCR amplification of 16S V4-V5 regions; Bead-beating, phenol chloroform DNA extraction	fastq	13.aes.101_R1.fastq.gz	13.aes.101_R2.fastq.gz
SAMN13502291	13.aes.102	PRJNA545312	Stool sample of allo-HCT patient	amplicon	GENOMIC	PCR	paired	ILLUMINA	Illumina MiSeq	PCR amplification of 16S V4-V5 regions; Bead-beating, phenol chloroform DNA extraction	fastq	13.aes.102_R1.fastq.gz	13.aes.102_R2.fastq.gz
SAMN13502292	13.aes.103	PRJNA545312	Stool sample of allo-HCT patient	amplicon	GENOMIC	PCR	paired	ILLUMINA	Illumina MiSeq	PCR amplification of 16S V4-V5 regions; Bead-beating, phenol chloroform DNA extraction	fastq	13.aes.103_R1.fastq.gz	13.aes.103_R2.fastq.gz
SAMN13502293	13.aes.104	PRJNA545312	Stool sample of allo-HCT patient	amplicon	GENOMIC	PCR	paired	ILLUMINA	Illumina MiSeq	PCR amplification of 16S V4-V5 regions; Bead-beating, phenol chloroform DNA extraction	fastq	13.aes.104_R1.fastq.gz	13.aes.104_R2.fastq.gz
SAMN13502294	13.aes.106	PRJNA545312	Stool sample of allo-HCT patient	amplicon	GENOMIC	PCR	paired	ILLUMINA	Illumina MiSeq	PCR amplification of 16S V4-V5 regions; Bead-beating, phenol chloroform DNA extraction	fastq	13.aes.106_R1.fastq.gz	13.aes.106_R2.fastq.gz
SAMN13502295	13.aes.108	PRJNA545312	Stool sample of allo-HCT patient	amplicon	GENOMIC	PCR	paired	ILLUMINA	Illumina MiSeq	PCR amplification of 16S V4-V5 regions; Bead-beating, phenol chloroform DNA extraction	fastq	13.aes.108_R1.fastq.gz	13.aes.108_R2.fastq.gz
SAMN13502296	13.aes.109	PRJNA545312	Stool sample of allo-HCT patient	amplicon	GENOMIC	PCR	paired	ILLUMINA	Illumina MiSeq	PCR amplification of 16S V4-V5 regions; Bead-beating, phenol chloroform DNA extraction	fastq	13.aes.109_R1.fastq.gz	13.aes.109_R2.fastq.gz
SAMN13502297	13.aes.114	PRJNA545312	Stool sample of allo-HCT patient	amplicon	GENOMIC	PCR	paired	ILLUMINA	Illumina MiSeq	PCR amplification of 16S V4-V5 regions; Bead-beating, phenol chloroform DNA extraction	fastq	13.aes.114_R1.fastq.gz	13.aes.114_R2.fastq.gz
SAMN13502298	13.aes.115	PRJNA545312	Stool sample of allo-HCT patient	amplicon	GENOMIC	PCR	paired	ILLUMINA	Illumina MiSeq	PCR amplification of 16S V4-V5 regions; Bead-beating, phenol chloroform DNA extraction	fastq	13.aes.115_R1.fastq.gz	13.aes.115_R2.fastq.gz
SAMN13502299	13.aes.116	PRJNA545312	Stool sample of allo-HCT patient	amplicon	GENOMIC	PCR	paired	ILLUMINA	Illumina MiSeq	PCR amplification of 16S V4-V5 regions; Bead-beating, phenol chloroform DNA extraction	fastq	13.aes.116_R1.fastq.gz	13.aes.116_R2.fastq.gz
SAMN13502300	13.aes.117	PRJNA545312	Stool sample of allo-HCT patient	amplicon	GENOMIC	PCR	paired	ILLUMINA	Illumina MiSeq	PCR amplification of 16S V4-V5 regions; Bead-beating, phenol chloroform DNA extraction	fastq	13.aes.117_R1.fastq.gz	13.aes.117_R2.fastq.gz
SAMN13502301	13.aes.118	PRJNA545312	Stool sample of allo-HCT patient	amplicon	GENOMIC	PCR	paired	ILLUMINA	Illumina MiSeq	PCR amplification of 16S V4-V5 regions; Bead-beating, phenol chloroform DNA extraction	fastq	13.aes.118_R1.fastq.gz	13.aes.118_R2.fastq.gz
SAMN13502302	13.aes.119	PRJNA545312	Stool sample of allo-HCT patient	amplicon	GENOMIC	PCR	paired	ILLUMINA	Illumina MiSeq	PCR amplification of 16S V4-V5 regions; Bead-beating, phenol chloroform DNA extraction	fastq	13.aes.119_R1.fastq.gz	13.aes.119_R2.fastq.gz
SAMN13502303	13.aes.120	PRJNA545312	Stool sample of allo-HCT patient	amplicon	GENOMIC	PCR	paired	ILLUMINA	Illumina MiSeq	PCR amplification of 16S V4-V5 regions; Bead-beating, phenol chloroform DNA extraction	fastq	13.aes.120_R1.fastq.gz	13.aes.120_R2.fastq.gz
SAMN13502304	13.aes.121	PRJNA545312	Stool sample of allo-HCT patient	amplicon	GENOMIC	PCR	paired	ILLUMINA	Illumina MiSeq	PCR amplification of 16S V4-V5 regions; Bead-beating, phenol chloroform DNA extraction	fastq	13.aes.121_R1.fastq.gz	13.aes.121_R2.fastq.gz
SAMN13502305	13.aes.128	PRJNA545312	Stool sample of allo-HCT patient	amplicon	GENOMIC	PCR	paired	ILLUMINA	Illumina MiSeq	PCR amplification of 16S V4-V5 regions; Bead-beating, phenol chloroform DNA extraction	fastq	13.aes.128_R1.fastq.gz	13.aes.128_R2.fastq.gz
SAMN13502306	13.aes.129	PRJNA545312	Stool sample of allo-HCT patient	amplicon	GENOMIC	PCR	paired	ILLUMINA	Illumina MiSeq	PCR amplification of 16S V4-V5 regions; Bead-beating, phenol chloroform DNA extraction	fastq	13.aes.129_R1.fastq.gz	13.aes.129_R2.fastq.gz
SAMN13502307	13.aes.130	PRJNA545312	Stool sample of allo-HCT patient	amplicon	GENOMIC	PCR	paired	ILLUMINA	Illumina MiSeq	PCR amplification of 16S V4-V5 regions; Bead-beating, phenol chloroform DNA extraction	fastq	13.aes.130_R1.fastq.gz	13.aes.130_R2.fastq.gz
SAMN13502308	13.aes.131	PRJNA545312	Stool sample of allo-HCT patient	amplicon	GENOMIC	PCR	paired	ILLUMINA	Illumina MiSeq	PCR amplification of 16S V4-V5 regions; Bead-beating, phenol chloroform DNA extraction	fastq	13.aes.131_R1.fastq.gz	13.aes.131_R2.fastq.gz
SAMN13502309	13.aes.132	PRJNA545312	Stool sample of allo-HCT patient	amplicon	GENOMIC	PCR	paired	ILLUMINA	Illumina MiSeq	PCR amplification of 16S V4-V5 regions; Bead-beating, phenol chloroform DNA extraction	fastq	13.aes.132_R1.fastq.gz	13.aes.132_R2.fastq.gz
SAMN13502310	13.aes.133	PRJNA545312	Stool sample of allo-HCT patient	amplicon	GENOMIC	PCR	paired	ILLUMINA	Illumina MiSeq	PCR amplification of 16S V4-V5 regions; Bead-beating, phenol chloroform DNA extraction	fastq	13.aes.133_R1.fastq.gz	13.aes.133_R2.fastq.gz
SAMN13502311	13.aes.134	PRJNA545312	Stool sample of allo-HCT patient	amplicon	GENOMIC	PCR	paired	ILLUMINA	Illumina MiSeq	PCR amplification of 16S V4-V5 regions; Bead-beating, phenol chloroform DNA extraction	fastq	13.aes.134_R1.fastq.gz	13.aes.134_R2.fastq.gz
SAMN13502312	13.aes.135	PRJNA545312	Stool sample of allo-HCT patient	amplicon	GENOMIC	PCR	paired	ILLUMINA	Illumina MiSeq	PCR amplification of 16S V4-V5 regions; Bead-beating, phenol chloroform DNA extraction	fastq	13.aes.135_R1.fastq.gz	13.aes.135_R2.fastq.gz
SAMN13502313	13.aes.137	PRJNA545312	Stool sample of allo-HCT patient	amplicon	GENOMIC	PCR	paired	ILLUMINA	Illumina MiSeq	PCR amplification of 16S V4-V5 regions; Bead-beating, phenol chloroform DNA extraction	fastq	13.aes.137_R1.fastq.gz	13.aes.137_R2.fastq.gz
SAMN13502314	13.aes.145	PRJNA545312	Stool sample of allo-HCT patient	amplicon	GENOMIC	PCR	paired	ILLUMINA	Illumina MiSeq	PCR amplification of 16S V4-V5 regions; Bead-beating, phenol chloroform DNA extraction	fastq	13.aes.145_R1.fastq.gz	13.aes.145_R2.fastq.gz
SAMN13502315	13.aes.146	PRJNA545312	Stool sample of allo-HCT patient	amplicon	GENOMIC	PCR	paired	ILLUMINA	Illumina MiSeq	PCR amplification of 16S V4-V5 regions; Bead-beating, phenol chloroform DNA extraction	fastq	13.aes.146_R1.fastq.gz	13.aes.146_R2.fastq.gz
SAMN13502316	13.aes.15	PRJNA545312	Stool sample of allo-HCT patient	amplicon	GENOMIC	PCR	paired	ILLUMINA	Illumina MiSeq	PCR amplification of 16S V4-V5 regions; Bead-beating, phenol chloroform DNA extraction	fastq	13.aes.15_R1.fastq.gz	13.aes.15_R2.fastq.gz
SAMN13502317	13.aes.155	PRJNA545312	Stool sample of allo-HCT patient	amplicon	GENOMIC	PCR	paired	ILLUMINA	Illumina MiSeq	PCR amplification of 16S V4-V5 regions; Bead-beating, phenol chloroform DNA extraction	fastq	13.aes.155_R1.fastq.gz	13.aes.155_R2.fastq.gz
SAMN13502318	13.aes.16	PRJNA545312	Stool sample of allo-HCT patient	amplicon	GENOMIC	PCR	paired	ILLUMINA	Illumina MiSeq	PCR amplification of 16S V4-V5 regions; Bead-beating, phenol chloroform DNA extraction	fastq	13.aes.16_R1.fastq.gz	13.aes.16_R2.fastq.gz
SAMN13502319	13.aes.165	PRJNA545312	Stool sample of allo-HCT patient	amplicon	GENOMIC	PCR	paired	ILLUMINA	Illumina MiSeq	PCR amplification of 16S V4-V5 regions; Bead-beating, phenol chloroform DNA extraction	fastq	13.aes.165_R1.fastq.gz	13.aes.165_R2.fastq.gz
SAMN13502320	13.aes.166	PRJNA545312	Stool sample of allo-HCT patient	amplicon	GENOMIC	PCR	paired	ILLUMINA	Illumina MiSeq	PCR amplification of 16S V4-V5 regions; Bead-beating, phenol chloroform DNA extraction	fastq	13.aes.166_R1.fastq.gz	13.aes.166_R2.fastq.gz
SAMN13502321	13.aes.167	PRJNA545312	Stool sample of allo-HCT patient	amplicon	GENOMIC	PCR	paired	ILLUMINA	Illumina MiSeq	PCR amplification of 16S V4-V5 regions; Bead-beating, phenol chloroform DNA extraction	fastq	13.aes.167_R1.fastq.gz	13.aes.167_R2.fastq.gz
SAMN13502322	13.aes.168	PRJNA545312	Stool sample of allo-HCT patient	amplicon	GENOMIC	PCR	paired	ILLUMINA	Illumina MiSeq	PCR amplification of 16S V4-V5 regions; Bead-beating, phenol chloroform DNA extraction	fastq	13.aes.168_R1.fastq.gz	13.aes.168_R2.fastq.gz
SAMN13502323	13.aes.17	PRJNA545312	Stool sample of allo-HCT patient	amplicon	GENOMIC	PCR	paired	ILLUMINA	Illumina MiSeq	PCR amplification of 16S V4-V5 regions; Bead-beating, phenol chloroform DNA extraction	fastq	13.aes.17_R1.fastq.gz	13.aes.17_R2.fastq.gz
SAMN13502324	13.aes.170	PRJNA545312	Stool sample of allo-HCT patient	amplicon	GENOMIC	PCR	paired	ILLUMINA	Illumina MiSeq	PCR amplification of 16S V4-V5 regions; Bead-beating, phenol chloroform DNA extraction	fastq	13.aes.170_R1.fastq.gz	13.aes.170_R2.fastq.gz
SAMN13502325	13.aes.171	PRJNA545312	Stool sample of allo-HCT patient	amplicon	GENOMIC	PCR	paired	ILLUMINA	Illumina MiSeq	PCR amplification of 16S V4-V5 regions; Bead-beating, phenol chloroform DNA extraction	fastq	13.aes.171_R1.fastq.gz	13.aes.171_R2.fastq.gz
SAMN13502326	13.aes.172	PRJNA545312	Stool sample of allo-HCT patient	amplicon	GENOMIC	PCR	paired	ILLUMINA	Illumina MiSeq	PCR amplification of 16S V4-V5 regions; Bead-beating, phenol chloroform DNA extraction	fastq	13.aes.172_R1.fastq.gz	13.aes.172_R2.fastq.gz
SAMN13502327	13.aes.18	PRJNA545312	Stool sample of allo-HCT patient	amplicon	GENOMIC	PCR	paired	ILLUMINA	Illumina MiSeq	PCR amplification of 16S V4-V5 regions; Bead-beating, phenol chloroform DNA extraction	fastq	13.aes.18_R1.fastq.gz	13.aes.18_R2.fastq.gz
SAMN13502328	13.aes.181	PRJNA545312	Stool sample of allo-HCT patient	amplicon	GENOMIC	PCR	paired	ILLUMINA	Illumina MiSeq	PCR amplification of 16S V4-V5 regions; Bead-beating, phenol chloroform DNA extraction	fastq	13.aes.181_R1.fastq.gz	13.aes.181_R2.fastq.gz
SAMN13502329	13.aes.182	PRJNA545312	Stool sample of allo-HCT patient	amplicon	GENOMIC	PCR	paired	ILLUMINA	Illumina MiSeq	PCR amplification of 16S V4-V5 regions; Bead-beating, phenol chloroform DNA extraction	fastq	13.aes.182_R1.fastq.gz	13.aes.182_R2.fastq.gz
SAMN13502330	13.aes.183	PRJNA545312	Stool sample of allo-HCT patient	amplicon	GENOMIC	PCR	paired	ILLUMINA	Illumina MiSeq	PCR amplification of 16S V4-V5 regions; Bead-beating, phenol chloroform DNA extraction	fastq	13.aes.183_R1.fastq.gz	13.aes.183_R2.fastq.gz
SAMN13502331	13.aes.184	PRJNA545312	Stool sample of allo-HCT patient	amplicon	GENOMIC	PCR	paired	ILLUMINA	Illumina MiSeq	PCR amplification of 16S V4-V5 regions; Bead-beating, phenol chloroform DNA extraction	fastq	13.aes.184_R1.fastq.gz	13.aes.184_R2.fastq.gz
SAMN13502332	13.aes.185	PRJNA545312	Stool sample of allo-HCT patient	amplicon	GENOMIC	PCR	paired	ILLUMINA	Illumina MiSeq	PCR amplification of 16S V4-V5 regions; Bead-beating, phenol chloroform DNA extraction	fastq	13.aes.185_R1.fastq.gz	13.aes.185_R2.fastq.gz
SAMN13502333	13.aes.187	PRJNA545312	Stool sample of allo-HCT patient	amplicon	GENOMIC	PCR	paired	ILLUMINA	Illumina MiSeq	PCR amplification of 16S V4-V5 regions; Bead-beating, phenol chloroform DNA extraction	fastq	13.aes.187_R1.fastq.gz	13.aes.187_R2.fastq.gz
SAMN13502334	13.aes.188	PRJNA545312	Stool sample of allo-HCT patient	amplicon	GENOMIC	PCR	paired	ILLUMINA	Illumina MiSeq	PCR amplification of 16S V4-V5 regions; Bead-beating, phenol chloroform DNA extraction	fastq	13.aes.188_R1.fastq.gz	13.aes.188_R2.fastq.gz
SAMN13502335	13.aes.20	PRJNA545312	Stool sample of allo-HCT patient	amplicon	GENOMIC	PCR	paired	ILLUMINA	Illumina MiSeq	PCR amplification of 16S V4-V5 regions; Bead-beating, phenol chloroform DNA extraction	fastq	13.aes.20_R1.fastq.gz	13.aes.20_R2.fastq.gz
SAMN13502336	13.aes.21	PRJNA545312	Stool sample of allo-HCT patient	amplicon	GENOMIC	PCR	paired	ILLUMINA	Illumina MiSeq	PCR amplification of 16S V4-V5 regions; Bead-beating, phenol chloroform DNA extraction	fastq	13.aes.21_R1.fastq.gz	13.aes.21_R2.fastq.gz
SAMN13502337	13.aes.22	PRJNA545312	Stool sample of allo-HCT patient	amplicon	GENOMIC	PCR	paired	ILLUMINA	Illumina MiSeq	PCR amplification of 16S V4-V5 regions; Bead-beating, phenol chloroform DNA extraction	fastq	13.aes.22_R1.fastq.gz	13.aes.22_R2.fastq.gz
SAMN13502338	13.aes.23	PRJNA545312	Stool sample of allo-HCT patient	amplicon	GENOMIC	PCR	paired	ILLUMINA	Illumina MiSeq	PCR amplification of 16S V4-V5 regions; Bead-beating, phenol chloroform DNA extraction	fastq	13.aes.23_R1.fastq.gz	13.aes.23_R2.fastq.gz
SAMN13502339	13.aes.25	PRJNA545312	Stool sample of allo-HCT patient	amplicon	GENOMIC	PCR	paired	ILLUMINA	Illumina MiSeq	PCR amplification of 16S V4-V5 regions; Bead-beating, phenol chloroform DNA extraction	fastq	13.aes.25_R1.fastq.gz	13.aes.25_R2.fastq.gz
SAMN13502340	13.aes.26	PRJNA545312	Stool sample of allo-HCT patient	amplicon	GENOMIC	PCR	paired	ILLUMINA	Illumina MiSeq	PCR amplification of 16S V4-V5 regions; Bead-beating, phenol chloroform DNA extraction	fastq	13.aes.26_R1.fastq.gz	13.aes.26_R2.fastq.gz
SAMN13502341	13.aes.27	PRJNA545312	Stool sample of allo-HCT patient	amplicon	GENOMIC	PCR	paired	ILLUMINA	Illumina MiSeq	PCR amplification of 16S V4-V5 regions; Bead-beating, phenol chloroform DNA extraction	fastq	13.aes.27_R1.fastq.gz	13.aes.27_R2.fastq.gz
SAMN13502342	13.aes.28	PRJNA545312	Stool sample of allo-HCT patient	amplicon	GENOMIC	PCR	paired	ILLUMINA	Illumina MiSeq	PCR amplification of 16S V4-V5 regions; Bead-beating, phenol chloroform DNA extraction	fastq	13.aes.28_R1.fastq.gz	13.aes.28_R2.fastq.gz
SAMN13502343	13.aes.33	PRJNA545312	Stool sample of allo-HCT patient	amplicon	GENOMIC	PCR	paired	ILLUMINA	Illumina MiSeq	PCR amplification of 16S V4-V5 regions; Bead-beating, phenol chloroform DNA extraction	fastq	13.aes.33_R1.fastq.gz	13.aes.33_R2.fastq.gz
SAMN13502344	13.aes.34	PRJNA545312	Stool sample of allo-HCT patient	amplicon	GENOMIC	PCR	paired	ILLUMINA	Illumina MiSeq	PCR amplification of 16S V4-V5 regions; Bead-beating, phenol chloroform DNA extraction	fastq	13.aes.34_R1.fastq.gz	13.aes.34_R2.fastq.gz
SAMN13502345	13.aes.36	PRJNA545312	Stool sample of allo-HCT patient	amplicon	GENOMIC	PCR	paired	ILLUMINA	Illumina MiSeq	PCR amplification of 16S V4-V5 regions; Bead-beating, phenol chloroform DNA extraction	fastq	13.aes.36_R1.fastq.gz	13.aes.36_R2.fastq.gz
SAMN13502346	13.aes.37	PRJNA545312	Stool sample of allo-HCT patient	amplicon	GENOMIC	PCR	paired	ILLUMINA	Illumina MiSeq	PCR amplification of 16S V4-V5 regions; Bead-beating, phenol chloroform DNA extraction	fastq	13.aes.37_R1.fastq.gz	13.aes.37_R2.fastq.gz
SAMN13502347	13.aes.38	PRJNA545312	Stool sample of allo-HCT patient	amplicon	GENOMIC	PCR	paired	ILLUMINA	Illumina MiSeq	PCR amplification of 16S V4-V5 regions; Bead-beating, phenol chloroform DNA extraction	fastq	13.aes.38_R1.fastq.gz	13.aes.38_R2.fastq.gz
SAMN13502348	13.aes.39	PRJNA545312	Stool sample of allo-HCT patient	amplicon	GENOMIC	PCR	paired	ILLUMINA	Illumina MiSeq	PCR amplification of 16S V4-V5 regions; Bead-beating, phenol chloroform DNA extraction	fastq	13.aes.39_R1.fastq.gz	13.aes.39_R2.fastq.gz
SAMN13502349	13.aes.47	PRJNA545312	Stool sample of allo-HCT patient	amplicon	GENOMIC	PCR	paired	ILLUMINA	Illumina MiSeq	PCR amplification of 16S V4-V5 regions; Bead-beating, phenol chloroform DNA extraction	fastq	13.aes.47_R1.fastq.gz	13.aes.47_R2.fastq.gz
SAMN13502350	13.aes.48	PRJNA545312	Stool sample of allo-HCT patient	amplicon	GENOMIC	PCR	paired	ILLUMINA	Illumina MiSeq	PCR amplification of 16S V4-V5 regions; Bead-beating, phenol chloroform DNA extraction	fastq	13.aes.48_R1.fastq.gz	13.aes.48_R2.fastq.gz
SAMN13502351	13.aes.50	PRJNA545312	Stool sample of allo-HCT patient	amplicon	GENOMIC	PCR	paired	ILLUMINA	Illumina MiSeq	PCR amplification of 16S V4-V5 regions; Bead-beating, phenol chloroform DNA extraction	fastq	13.aes.50_R1.fastq.gz	13.aes.50_R2.fastq.gz
SAMN13502352	13.aes.51	PRJNA545312	Stool sample of allo-HCT patient	amplicon	GENOMIC	PCR	paired	ILLUMINA	Illumina MiSeq	PCR amplification of 16S V4-V5 regions; Bead-beating, phenol chloroform DNA extraction	fastq	13.aes.51_R1.fastq.gz	13.aes.51_R2.fastq.gz
SAMN13502353	13.aes.52	PRJNA545312	Stool sample of allo-HCT patient	amplicon	GENOMIC	PCR	paired	ILLUMINA	Illumina MiSeq	PCR amplification of 16S V4-V5 regions; Bead-beating, phenol chloroform DNA extraction	fastq	13.aes.52_R1.fastq.gz	13.aes.52_R2.fastq.gz
SAMN13502354	13.aes.60	PRJNA545312	Stool sample of allo-HCT patient	amplicon	GENOMIC	PCR	paired	ILLUMINA	Illumina MiSeq	PCR amplification of 16S V4-V5 regions; Bead-beating, phenol chloroform DNA extraction	fastq	13.aes.60_R1.fastq.gz	13.aes.60_R2.fastq.gz
SAMN13502355	13.aes.61	PRJNA545312	Stool sample of allo-HCT patient	amplicon	GENOMIC	PCR	paired	ILLUMINA	Illumina MiSeq	PCR amplification of 16S V4-V5 regions; Bead-beating, phenol chloroform DNA extraction	fastq	13.aes.61_R1.fastq.gz	13.aes.61_R2.fastq.gz
SAMN13502356	13.aes.62	PRJNA545312	Stool sample of allo-HCT patient	amplicon	GENOMIC	PCR	paired	ILLUMINA	Illumina MiSeq	PCR amplification of 16S V4-V5 regions; Bead-beating, phenol chloroform DNA extraction	fastq	13.aes.62_R1.fastq.gz	13.aes.62_R2.fastq.gz
SAMN13502357	13.aes.63	PRJNA545312	Stool sample of allo-HCT patient	amplicon	GENOMIC	PCR	paired	ILLUMINA	Illumina MiSeq	PCR amplification of 16S V4-V5 regions; Bead-beating, phenol chloroform DNA extraction	fastq	13.aes.63_R1.fastq.gz	13.aes.63_R2.fastq.gz
SAMN13502358	13.aes.64	PRJNA545312	Stool sample of allo-HCT patient	amplicon	GENOMIC	PCR	paired	ILLUMINA	Illumina MiSeq	PCR amplification of 16S V4-V5 regions; Bead-beating, phenol chloroform DNA extraction	fastq	13.aes.64_R1.fastq.gz	13.aes.64_R2.fastq.gz
SAMN13502359	13.aes.72	PRJNA545312	Stool sample of allo-HCT patient	amplicon	GENOMIC	PCR	paired	ILLUMINA	Illumina MiSeq	PCR amplification of 16S V4-V5 regions; Bead-beating, phenol chloroform DNA extraction	fastq	13.aes.72_R1.fastq.gz	13.aes.72_R2.fastq.gz
SAMN13502360	13.aes.73	PRJNA545312	Stool sample of allo-HCT patient	amplicon	GENOMIC	PCR	paired	ILLUMINA	Illumina MiSeq	PCR amplification of 16S V4-V5 regions; Bead-beating, phenol chloroform DNA extraction	fastq	13.aes.73_R1.fastq.gz	13.aes.73_R2.fastq.gz
SAMN13502361	13.aes.74	PRJNA545312	Stool sample of allo-HCT patient	amplicon	GENOMIC	PCR	paired	ILLUMINA	Illumina MiSeq	PCR amplification of 16S V4-V5 regions; Bead-beating, phenol chloroform DNA extraction	fastq	13.aes.74_R1.fastq.gz	13.aes.74_R2.fastq.gz
SAMN13502362	13.aes.75	PRJNA545312	Stool sample of allo-HCT patient	amplicon	GENOMIC	PCR	paired	ILLUMINA	Illumina MiSeq	PCR amplification of 16S V4-V5 regions; Bead-beating, phenol chloroform DNA extraction	fastq	13.aes.75_R1.fastq.gz	13.aes.75_R2.fastq.gz
SAMN13502363	13.aes.80	PRJNA545312	Stool sample of allo-HCT patient	amplicon	GENOMIC	PCR	paired	ILLUMINA	Illumina MiSeq	PCR amplification of 16S V4-V5 regions; Bead-beating, phenol chloroform DNA extraction	fastq	13.aes.80_R1.fastq.gz	13.aes.80_R2.fastq.gz
SAMN13502364	13.aes.81	PRJNA545312	Stool sample of allo-HCT patient	amplicon	GENOMIC	PCR	paired	ILLUMINA	Illumina MiSeq	PCR amplification of 16S V4-V5 regions; Bead-beating, phenol chloroform DNA extraction	fastq	13.aes.81_R1.fastq.gz	13.aes.81_R2.fastq.gz
SAMN13502365	13.aes.83	PRJNA545312	Stool sample of allo-HCT patient	amplicon	GENOMIC	PCR	paired	ILLUMINA	Illumina MiSeq	PCR amplification of 16S V4-V5 regions; Bead-beating, phenol chloroform DNA extraction	fastq	13.aes.83_R1.fastq.gz	13.aes.83_R2.fastq.gz
SAMN13502366	13.aes.84	PRJNA545312	Stool sample of allo-HCT patient	amplicon	GENOMIC	PCR	paired	ILLUMINA	Illumina MiSeq	PCR amplification of 16S V4-V5 regions; Bead-beating, phenol chloroform DNA extraction	fastq	13.aes.84_R1.fastq.gz	13.aes.84_R2.fastq.gz
SAMN13502367	13.aes.85	PRJNA545312	Stool sample of allo-HCT patient	amplicon	GENOMIC	PCR	paired	ILLUMINA	Illumina MiSeq	PCR amplification of 16S V4-V5 regions; Bead-beating, phenol chloroform DNA extraction	fastq	13.aes.85_R1.fastq.gz	13.aes.85_R2.fastq.gz
SAMN13502368	13.aes.86	PRJNA545312	Stool sample of allo-HCT patient	amplicon	GENOMIC	PCR	paired	ILLUMINA	Illumina MiSeq	PCR amplification of 16S V4-V5 regions; Bead-beating, phenol chloroform DNA extraction	fastq	13.aes.86_R1.fastq.gz	13.aes.86_R2.fastq.gz
SAMN13502369	13.aes.87	PRJNA545312	Stool sample of allo-HCT patient	amplicon	GENOMIC	PCR	paired	ILLUMINA	Illumina MiSeq	PCR amplification of 16S V4-V5 regions; Bead-beating, phenol chloroform DNA extraction	fastq	13.aes.87_R1.fastq.gz	13.aes.87_R2.fastq.gz
SAMN13502370	13.aes.88	PRJNA545312	Stool sample of allo-HCT patient	amplicon	GENOMIC	PCR	paired	ILLUMINA	Illumina MiSeq	PCR amplification of 16S V4-V5 regions; Bead-beating, phenol chloroform DNA extraction	fastq	13.aes.88_R1.fastq.gz	13.aes.88_R2.fastq.gz
SAMN13502371	13.aes.89	PRJNA545312	Stool sample of allo-HCT patient	amplicon	GENOMIC	PCR	paired	ILLUMINA	Illumina MiSeq	PCR amplification of 16S V4-V5 regions; Bead-beating, phenol chloroform DNA extraction	fastq	13.aes.89_R1.fastq.gz	13.aes.89_R2.fastq.gz
SAMN13502372	13.aes.98	PRJNA545312	Stool sample of allo-HCT patient	amplicon	GENOMIC	PCR	paired	ILLUMINA	Illumina MiSeq	PCR amplification of 16S V4-V5 regions; Bead-beating, phenol chloroform DNA extraction	fastq	13.aes.98_R1.fastq.gz	13.aes.98_R2.fastq.gz
SAMN13502373	13.tp.198	PRJNA545312	Stool sample of allo-HCT patient	amplicon	GENOMIC	PCR	paired	ILLUMINA	Illumina MiSeq	PCR amplification of 16S V4-V5 regions; Bead-beating, phenol chloroform DNA extraction	fastq	13.tp.198_R1.fastq.gz	13.tp.198_R2.fastq.gz
SAMN13502374	13.tp.199	PRJNA545312	Stool sample of allo-HCT patient	amplicon	GENOMIC	PCR	paired	ILLUMINA	Illumina MiSeq	PCR amplification of 16S V4-V5 regions; Bead-beating, phenol chloroform DNA extraction	fastq	13.tp.199_R1.fastq.gz	13.tp.199_R2.fastq.gz
SAMN13502375	13.tp.200	PRJNA545312	Stool sample of allo-HCT patient	amplicon	GENOMIC	PCR	paired	ILLUMINA	Illumina MiSeq	PCR amplification of 16S V4-V5 regions; Bead-beating, phenol chloroform DNA extraction	fastq	13.tp.200_R1.fastq.gz	13.tp.200_R2.fastq.gz
SAMN13502376	13.tp.201	PRJNA545312	Stool sample of allo-HCT patient	amplicon	GENOMIC	PCR	paired	ILLUMINA	Illumina MiSeq	PCR amplification of 16S V4-V5 regions; Bead-beating, phenol chloroform DNA extraction	fastq	13.tp.201_R1.fastq.gz	13.tp.201_R2.fastq.gz
SAMN13502377	13.tp.211	PRJNA545312	Stool sample of allo-HCT patient	amplicon	GENOMIC	PCR	paired	ILLUMINA	Illumina MiSeq	PCR amplification of 16S V4-V5 regions; Bead-beating, phenol chloroform DNA extraction	fastq	13.tp.211_R1.fastq.gz	13.tp.211_R2.fastq.gz
SAMN13502378	13.tp.219	PRJNA545312	Stool sample of allo-HCT patient	amplicon	GENOMIC	PCR	paired	ILLUMINA	Illumina MiSeq	PCR amplification of 16S V4-V5 regions; Bead-beating, phenol chloroform DNA extraction	fastq	13.tp.219_R1.fastq.gz	13.tp.219_R2.fastq.gz
SAMN13502379	13.tp.223	PRJNA545312	Stool sample of allo-HCT patient	amplicon	GENOMIC	PCR	paired	ILLUMINA	Illumina MiSeq	PCR amplification of 16S V4-V5 regions; Bead-beating, phenol chloroform DNA extraction	fastq	13.tp.223_R1.fastq.gz	13.tp.223_R2.fastq.gz
SAMN13502380	13.tp.229	PRJNA545312	Stool sample of allo-HCT patient	amplicon	GENOMIC	PCR	paired	ILLUMINA	Illumina MiSeq	PCR amplification of 16S V4-V5 regions; Bead-beating, phenol chloroform DNA extraction	fastq	13.tp.229_R1.fastq.gz	13.tp.229_R2.fastq.gz
SAMN13502381	13.tp.232	PRJNA545312	Stool sample of allo-HCT patient	amplicon	GENOMIC	PCR	paired	ILLUMINA	Illumina MiSeq	PCR amplification of 16S V4-V5 regions; Bead-beating, phenol chloroform DNA extraction	fastq	13.tp.232_R1.fastq.gz	13.tp.232_R2.fastq.gz
SAMN13502382	13.tp.242	PRJNA545312	Stool sample of allo-HCT patient	amplicon	GENOMIC	PCR	paired	ILLUMINA	Illumina MiSeq	PCR amplification of 16S V4-V5 regions; Bead-beating, phenol chloroform DNA extraction	fastq	13.tp.242_R1.fastq.gz	13.tp.242_R2.fastq.gz
SAMN13502383	13.tp.253	PRJNA545312	Stool sample of allo-HCT patient	amplicon	GENOMIC	PCR	paired	ILLUMINA	Illumina MiSeq	PCR amplification of 16S V4-V5 regions; Bead-beating, phenol chloroform DNA extraction	fastq	13.tp.253_R1.fastq.gz	13.tp.253_R2.fastq.gz
SAMN13502384	13.tp.255	PRJNA545312	Stool sample of allo-HCT patient	amplicon	GENOMIC	PCR	paired	ILLUMINA	Illumina MiSeq	PCR amplification of 16S V4-V5 regions; Bead-beating, phenol chloroform DNA extraction	fastq	13.tp.255_R1.fastq.gz	13.tp.255_R2.fastq.gz
SAMN13502385	13.tp.260	PRJNA545312	Stool sample of allo-HCT patient	amplicon	GENOMIC	PCR	paired	ILLUMINA	Illumina MiSeq	PCR amplification of 16S V4-V5 regions; Bead-beating, phenol chloroform DNA extraction	fastq	13.tp.260_R1.fastq.gz	13.tp.260_R2.fastq.gz
SAMN13502386	13.tp.261	PRJNA545312	Stool sample of allo-HCT patient	amplicon	GENOMIC	PCR	paired	ILLUMINA	Illumina MiSeq	PCR amplification of 16S V4-V5 regions; Bead-beating, phenol chloroform DNA extraction	fastq	13.tp.261_R1.fastq.gz	13.tp.261_R2.fastq.gz
SAMN13502387	13.tp.263	PRJNA545312	Stool sample of allo-HCT patient	amplicon	GENOMIC	PCR	paired	ILLUMINA	Illumina MiSeq	PCR amplification of 16S V4-V5 regions; Bead-beating, phenol chloroform DNA extraction	fastq	13.tp.263_R1.fastq.gz	13.tp.263_R2.fastq.gz
SAMN13502388	13.tp.273	PRJNA545312	Stool sample of allo-HCT patient	amplicon	GENOMIC	PCR	paired	ILLUMINA	Illumina MiSeq	PCR amplification of 16S V4-V5 regions; Bead-beating, phenol chloroform DNA extraction	fastq	13.tp.273_R1.fastq.gz	13.tp.273_R2.fastq.gz
SAMN13502389	13.tp.274	PRJNA545312	Stool sample of allo-HCT patient	amplicon	GENOMIC	PCR	paired	ILLUMINA	Illumina MiSeq	PCR amplification of 16S V4-V5 regions; Bead-beating, phenol chloroform DNA extraction	fastq	13.tp.274_R1.fastq.gz	13.tp.274_R2.fastq.gz
SAMN13502390	13.tp.275	PRJNA545312	Stool sample of allo-HCT patient	amplicon	GENOMIC	PCR	paired	ILLUMINA	Illumina MiSeq	PCR amplification of 16S V4-V5 regions; Bead-beating, phenol chloroform DNA extraction	fastq	13.tp.275_R1.fastq.gz	13.tp.275_R2.fastq.gz
SAMN13502391	13.tp.284	PRJNA545312	Stool sample of allo-HCT patient	amplicon	GENOMIC	PCR	paired	ILLUMINA	Illumina MiSeq	PCR amplification of 16S V4-V5 regions; Bead-beating, phenol chloroform DNA extraction	fastq	13.tp.284_R1.fastq.gz	13.tp.284_R2.fastq.gz
SAMN13502392	13.tp.287	PRJNA545312	Stool sample of allo-HCT patient	amplicon	GENOMIC	PCR	paired	ILLUMINA	Illumina MiSeq	PCR amplification of 16S V4-V5 regions; Bead-beating, phenol chloroform DNA extraction	fastq	13.tp.287_R1.fastq.gz	13.tp.287_R2.fastq.gz
SAMN13502393	13.tp.289	PRJNA545312	Stool sample of allo-HCT patient	amplicon	GENOMIC	PCR	paired	ILLUMINA	Illumina MiSeq	PCR amplification of 16S V4-V5 regions; Bead-beating, phenol chloroform DNA extraction	fastq	13.tp.289_R1.fastq.gz	13.tp.289_R2.fastq.gz
SAMN13502394	13.tp.290	PRJNA545312	Stool sample of allo-HCT patient	amplicon	GENOMIC	PCR	paired	ILLUMINA	Illumina MiSeq	PCR amplification of 16S V4-V5 regions; Bead-beating, phenol chloroform DNA extraction	fastq	13.tp.290_R1.fastq.gz	13.tp.290_R2.fastq.gz
SAMN13502395	13.tp.305	PRJNA545312	Stool sample of allo-HCT patient	amplicon	GENOMIC	PCR	paired	ILLUMINA	Illumina MiSeq	PCR amplification of 16S V4-V5 regions; Bead-beating, phenol chloroform DNA extraction	fastq	13.tp.305_R1.fastq.gz	13.tp.305_R2.fastq.gz
SAMN13502396	13.tp.307	PRJNA545312	Stool sample of allo-HCT patient	amplicon	GENOMIC	PCR	paired	ILLUMINA	Illumina MiSeq	PCR amplification of 16S V4-V5 regions; Bead-beating, phenol chloroform DNA extraction	fastq	13.tp.307_R1.fastq.gz	13.tp.307_R2.fastq.gz
SAMN13502397	13.tp.319	PRJNA545312	Stool sample of allo-HCT patient	amplicon	GENOMIC	PCR	paired	ILLUMINA	Illumina MiSeq	PCR amplification of 16S V4-V5 regions; Bead-beating, phenol chloroform DNA extraction	fastq	13.tp.319_R1.fastq.gz	13.tp.319_R2.fastq.gz
SAMN13502398	13.tp.321	PRJNA545312	Stool sample of allo-HCT patient	amplicon	GENOMIC	PCR	paired	ILLUMINA	Illumina MiSeq	PCR amplification of 16S V4-V5 regions; Bead-beating, phenol chloroform DNA extraction	fastq	13.tp.321_R1.fastq.gz	13.tp.321_R2.fastq.gz
SAMN13502399	13.tp.322	PRJNA545312	Stool sample of allo-HCT patient	amplicon	GENOMIC	PCR	paired	ILLUMINA	Illumina MiSeq	PCR amplification of 16S V4-V5 regions; Bead-beating, phenol chloroform DNA extraction	fastq	13.tp.322_R1.fastq.gz	13.tp.322_R2.fastq.gz
SAMN13502400	13.tp.329	PRJNA545312	Stool sample of allo-HCT patient	amplicon	GENOMIC	PCR	paired	ILLUMINA	Illumina MiSeq	PCR amplification of 16S V4-V5 regions; Bead-beating, phenol chloroform DNA extraction	fastq	13.tp.329_R1.fastq.gz	13.tp.329_R2.fastq.gz
SAMN13502401	13.tp.332	PRJNA545312	Stool sample of allo-HCT patient	amplicon	GENOMIC	PCR	paired	ILLUMINA	Illumina MiSeq	PCR amplification of 16S V4-V5 regions; Bead-beating, phenol chloroform DNA extraction	fastq	13.tp.332_R1.fastq.gz	13.tp.332_R2.fastq.gz
SAMN13502402	13.tp.334	PRJNA545312	Stool sample of allo-HCT patient	amplicon	GENOMIC	PCR	paired	ILLUMINA	Illumina MiSeq	PCR amplification of 16S V4-V5 regions; Bead-beating, phenol chloroform DNA extraction	fastq	13.tp.334_R1.fastq.gz	13.tp.334_R2.fastq.gz
SAMN13502403	13.tp.335	PRJNA545312	Stool sample of allo-HCT patient	amplicon	GENOMIC	PCR	paired	ILLUMINA	Illumina MiSeq	PCR amplification of 16S V4-V5 regions; Bead-beating, phenol chloroform DNA extraction	fastq	13.tp.335_R1.fastq.gz	13.tp.335_R2.fastq.gz
SAMN13502404	13.tp.338	PRJNA545312	Stool sample of allo-HCT patient	amplicon	GENOMIC	PCR	paired	ILLUMINA	Illumina MiSeq	PCR amplification of 16S V4-V5 regions; Bead-beating, phenol chloroform DNA extraction	fastq	13.tp.338_R1.fastq.gz	13.tp.338_R2.fastq.gz
SAMN13502405	13.tp.340	PRJNA545312	Stool sample of allo-HCT patient	amplicon	GENOMIC	PCR	paired	ILLUMINA	Illumina MiSeq	PCR amplification of 16S V4-V5 regions; Bead-beating, phenol chloroform DNA extraction	fastq	13.tp.340_R1.fastq.gz	13.tp.340_R2.fastq.gz
SAMN13502406	13.tp.341	PRJNA545312	Stool sample of allo-HCT patient	amplicon	GENOMIC	PCR	paired	ILLUMINA	Illumina MiSeq	PCR amplification of 16S V4-V5 regions; Bead-beating, phenol chloroform DNA extraction	fastq	13.tp.341_R1.fastq.gz	13.tp.341_R2.fastq.gz
SAMN13502407	13.tp.347	PRJNA545312	Stool sample of allo-HCT patient	amplicon	GENOMIC	PCR	paired	ILLUMINA	Illumina MiSeq	PCR amplification of 16S V4-V5 regions; Bead-beating, phenol chloroform DNA extraction	fastq	13.tp.347_R1.fastq.gz	13.tp.347_R2.fastq.gz
SAMN13502408	13.tp.348	PRJNA545312	Stool sample of allo-HCT patient	amplicon	GENOMIC	PCR	paired	ILLUMINA	Illumina MiSeq	PCR amplification of 16S V4-V5 regions; Bead-beating, phenol chloroform DNA extraction	fastq	13.tp.348_R1.fastq.gz	13.tp.348_R2.fastq.gz
SAMN13502409	13.tp.349	PRJNA545312	Stool sample of allo-HCT patient	amplicon	GENOMIC	PCR	paired	ILLUMINA	Illumina MiSeq	PCR amplification of 16S V4-V5 regions; Bead-beating, phenol chloroform DNA extraction	fastq	13.tp.349_R1.fastq.gz	13.tp.349_R2.fastq.gz
SAMN13502410	13.tp.351	PRJNA545312	Stool sample of allo-HCT patient	amplicon	GENOMIC	PCR	paired	ILLUMINA	Illumina MiSeq	PCR amplification of 16S V4-V5 regions; Bead-beating, phenol chloroform DNA extraction	fastq	13.tp.351_R1.fastq.gz	13.tp.351_R2.fastq.gz
SAMN13502411	13.tp.354	PRJNA545312	Stool sample of allo-HCT patient	amplicon	GENOMIC	PCR	paired	ILLUMINA	Illumina MiSeq	PCR amplification of 16S V4-V5 regions; Bead-beating, phenol chloroform DNA extraction	fastq	13.tp.354_R1.fastq.gz	13.tp.354_R2.fastq.gz
SAMN13502412	13.tp.356	PRJNA545312	Stool sample of allo-HCT patient	amplicon	GENOMIC	PCR	paired	ILLUMINA	Illumina MiSeq	PCR amplification of 16S V4-V5 regions; Bead-beating, phenol chloroform DNA extraction	fastq	13.tp.356_R1.fastq.gz	13.tp.356_R2.fastq.gz
SAMN13502413	13.tp.357	PRJNA545312	Stool sample of allo-HCT patient	amplicon	GENOMIC	PCR	paired	ILLUMINA	Illumina MiSeq	PCR amplification of 16S V4-V5 regions; Bead-beating, phenol chloroform DNA extraction	fastq	13.tp.357_R1.fastq.gz	13.tp.357_R2.fastq.gz
SAMN13502414	1303I	PRJNA545312	Stool sample of allo-HCT patient	amplicon	GENOMIC	PCR	paired	ILLUMINA	Illumina MiSeq	PCR amplification of 16S V4-V5 regions; Bead-beating, phenol chloroform DNA extraction	fastq	1303I_R1.fastq.gz	1303I_R2.fastq.gz
SAMN13502415	1452M	PRJNA545312	Stool sample of allo-HCT patient	amplicon	GENOMIC	PCR	paired	ILLUMINA	Illumina MiSeq	PCR amplification of 16S V4-V5 regions; Bead-beating, phenol chloroform DNA extraction	fastq	1452M_R1.fastq.gz	1452M_R2.fastq.gz
SAMN13502416	1452N	PRJNA545312	Stool sample of allo-HCT patient	amplicon	GENOMIC	PCR	paired	ILLUMINA	Illumina MiSeq	PCR amplification of 16S V4-V5 regions; Bead-beating, phenol chloroform DNA extraction	fastq	1452N_R1.fastq.gz	1452N_R2.fastq.gz
SAMN13502417	1452O	PRJNA545312	Stool sample of allo-HCT patient	amplicon	GENOMIC	PCR	paired	ILLUMINA	Illumina MiSeq	PCR amplification of 16S V4-V5 regions; Bead-beating, phenol chloroform DNA extraction	fastq	1452O_R1.fastq.gz	1452O_R2.fastq.gz
SAMN13502418	1452P	PRJNA545312	Stool sample of allo-HCT patient	amplicon	GENOMIC	PCR	paired	ILLUMINA	Illumina MiSeq	PCR amplification of 16S V4-V5 regions; Bead-beating, phenol chloroform DNA extraction	fastq	1452P_R1.fastq.gz	1452P_R2.fastq.gz
SAMN13502419	1452Q	PRJNA545312	Stool sample of allo-HCT patient	amplicon	GENOMIC	PCR	paired	ILLUMINA	Illumina MiSeq	PCR amplification of 16S V4-V5 regions; Bead-beating, phenol chloroform DNA extraction	fastq	1452Q_R1.fastq.gz	1452Q_R2.fastq.gz
SAMN13502420	1452R	PRJNA545312	Stool sample of allo-HCT patient	amplicon	GENOMIC	PCR	paired	ILLUMINA	Illumina MiSeq	PCR amplification of 16S V4-V5 regions; Bead-beating, phenol chloroform DNA extraction	fastq	1452R_R1.fastq.gz	1452R_R2.fastq.gz
SAMN13502421	1452S	PRJNA545312	Stool sample of allo-HCT patient	amplicon	GENOMIC	PCR	paired	ILLUMINA	Illumina MiSeq	PCR amplification of 16S V4-V5 regions; Bead-beating, phenol chloroform DNA extraction	fastq	1452S_R1.fastq.gz	1452S_R2.fastq.gz
SAMN13502422	1452T	PRJNA545312	Stool sample of allo-HCT patient	amplicon	GENOMIC	PCR	paired	ILLUMINA	Illumina MiSeq	PCR amplification of 16S V4-V5 regions; Bead-beating, phenol chloroform DNA extraction	fastq	1452T_R1.fastq.gz	1452T_R2.fastq.gz
SAMN13502423	1452U	PRJNA545312	Stool sample of allo-HCT patient	amplicon	GENOMIC	PCR	paired	ILLUMINA	Illumina MiSeq	PCR amplification of 16S V4-V5 regions; Bead-beating, phenol chloroform DNA extraction	fastq	1452U_R1.fastq.gz	1452U_R2.fastq.gz
SAMN13502424	FMT.0001D	PRJNA545312	Stool sample of allo-HCT patient	amplicon	GENOMIC	PCR	paired	ILLUMINA	Illumina MiSeq	PCR amplification of 16S V4-V5 regions; Bead-beating, phenol chloroform DNA extraction	fastq	FMT.0001D_R1.fastq.gz	FMT.0001D_R2.fastq.gz
SAMN13502425	FMT.0041E	PRJNA545312	Stool sample of allo-HCT patient	amplicon	GENOMIC	PCR	paired	ILLUMINA	Illumina MiSeq	PCR amplification of 16S V4-V5 regions; Bead-beating, phenol chloroform DNA extraction	fastq	FMT.0041E_R1.fastq.gz	FMT.0041E_R2.fastq.gz
SAMN13502426	FMT.0046F	PRJNA545312	Stool sample of allo-HCT patient	amplicon	GENOMIC	PCR	paired	ILLUMINA	Illumina MiSeq	PCR amplification of 16S V4-V5 regions; Bead-beating, phenol chloroform DNA extraction	fastq	FMT.0046F_R1.fastq.gz	FMT.0046F_R2.fastq.gz
SAMN13502427	FMT.0046G	PRJNA545312	Stool sample of allo-HCT patient	amplicon	GENOMIC	PCR	paired	ILLUMINA	Illumina MiSeq	PCR amplification of 16S V4-V5 regions; Bead-beating, phenol chloroform DNA extraction	fastq	FMT.0046G_R1.fastq.gz	FMT.0046G_R2.fastq.gz
SAMN13502428	FMT.0046H	PRJNA545312	Stool sample of allo-HCT patient	amplicon	GENOMIC	PCR	paired	ILLUMINA	Illumina MiSeq	PCR amplification of 16S V4-V5 regions; Bead-beating, phenol chloroform DNA extraction	fastq	FMT.0046H_R1.fastq.gz	FMT.0046H_R2.fastq.gz
SAMN13502429	FMT.0076Q	PRJNA545312	Stool sample of allo-HCT patient	amplicon	GENOMIC	PCR	paired	ILLUMINA	Illumina MiSeq	PCR amplification of 16S V4-V5 regions; Bead-beating, phenol chloroform DNA extraction	fastq	FMT.0076Q_R1.fastq.gz	FMT.0076Q_R2.fastq.gz
SAMN13502430	FMT.0080Q	PRJNA545312	Stool sample of allo-HCT patient	amplicon	GENOMIC	PCR	paired	ILLUMINA	Illumina MiSeq	PCR amplification of 16S V4-V5 regions; Bead-beating, phenol chloroform DNA extraction	fastq	FMT.0080Q_R1.fastq.gz	FMT.0080Q_R2.fastq.gz
SAMN13502431	FMT.0092CC	PRJNA545312	Stool sample of allo-HCT patient	amplicon	GENOMIC	PCR	paired	ILLUMINA	Illumina MiSeq	PCR amplification of 16S V4-V5 regions; Bead-beating, phenol chloroform DNA extraction	fastq	FMT.0092CC_R1.fastq.gz	FMT.0092CC_R2.fastq.gz
SAMN13502432	FMT.0106P	PRJNA545312	Stool sample of allo-HCT patient	amplicon	GENOMIC	PCR	paired	ILLUMINA	Illumina MiSeq	PCR amplification of 16S V4-V5 regions; Bead-beating, phenol chloroform DNA extraction	fastq	FMT.0106P_R1.fastq.gz	FMT.0106P_R2.fastq.gz
SAMN13502433	FMT.0106R	PRJNA545312	Stool sample of allo-HCT patient	amplicon	GENOMIC	PCR	paired	ILLUMINA	Illumina MiSeq	PCR amplification of 16S V4-V5 regions; Bead-beating, phenol chloroform DNA extraction	fastq	FMT.0106R_R1.fastq.gz	FMT.0106R_R2.fastq.gz
SAMN13502434	FMT.0106U	PRJNA545312	Stool sample of allo-HCT patient	amplicon	GENOMIC	PCR	paired	ILLUMINA	Illumina MiSeq	PCR amplification of 16S V4-V5 regions; Bead-beating, phenol chloroform DNA extraction	fastq	FMT.0106U_R1.fastq.gz	FMT.0106U_R2.fastq.gz
SAMN13502435	FMT.0118H	PRJNA545312	Stool sample of allo-HCT patient	amplicon	GENOMIC	PCR	paired	ILLUMINA	Illumina MiSeq	PCR amplification of 16S V4-V5 regions; Bead-beating, phenol chloroform DNA extraction	fastq	FMT.0118H_R1.fastq.gz	FMT.0118H_R2.fastq.gz
SAMN13502436	FMT.0120N	PRJNA545312	Stool sample of allo-HCT patient	amplicon	GENOMIC	PCR	paired	ILLUMINA	Illumina MiSeq	PCR amplification of 16S V4-V5 regions; Bead-beating, phenol chloroform DNA extraction	fastq	FMT.0120N_R1.fastq.gz	FMT.0120N_R2.fastq.gz
SAMN13502437	FMT.0126X	PRJNA545312	Stool sample of allo-HCT patient	amplicon	GENOMIC	PCR	paired	ILLUMINA	Illumina MiSeq	PCR amplification of 16S V4-V5 regions; Bead-beating, phenol chloroform DNA extraction	fastq	FMT.0126X_R1.fastq.gz	FMT.0126X_R2.fastq.gz
SAMN13502438	FMT.0154J	PRJNA545312	Stool sample of allo-HCT patient	amplicon	GENOMIC	PCR	paired	ILLUMINA	Illumina MiSeq	PCR amplification of 16S V4-V5 regions; Bead-beating, phenol chloroform DNA extraction	fastq	FMT.0154J_R1.fastq.gz	FMT.0154J_R2.fastq.gz
SAMN13502439	FMT.0154K	PRJNA545312	Stool sample of allo-HCT patient	amplicon	GENOMIC	PCR	paired	ILLUMINA	Illumina MiSeq	PCR amplification of 16S V4-V5 regions; Bead-beating, phenol chloroform DNA extraction	fastq	FMT.0154K_R1.fastq.gz	FMT.0154K_R2.fastq.gz
SAMN13502440	FMT.0154L	PRJNA545312	Stool sample of allo-HCT patient	amplicon	GENOMIC	PCR	paired	ILLUMINA	Illumina MiSeq	PCR amplification of 16S V4-V5 regions; Bead-beating, phenol chloroform DNA extraction	fastq	FMT.0154L_R1.fastq.gz	FMT.0154L_R2.fastq.gz
SAMN13502441	FMT.0154M	PRJNA545312	Stool sample of allo-HCT patient	amplicon	GENOMIC	PCR	paired	ILLUMINA	Illumina MiSeq	PCR amplification of 16S V4-V5 regions; Bead-beating, phenol chloroform DNA extraction	fastq	FMT.0154M_R1.fastq.gz	FMT.0154M_R2.fastq.gz
SAMN13502442	FMT.0154N	PRJNA545312	Stool sample of allo-HCT patient	amplicon	GENOMIC	PCR	paired	ILLUMINA	Illumina MiSeq	PCR amplification of 16S V4-V5 regions; Bead-beating, phenol chloroform DNA extraction	fastq	FMT.0154N_R1.fastq.gz	FMT.0154N_R2.fastq.gz
SAMN13502443	FMT.0154P	PRJNA545312	Stool sample of allo-HCT patient	amplicon	GENOMIC	PCR	paired	ILLUMINA	Illumina MiSeq	PCR amplification of 16S V4-V5 regions; Bead-beating, phenol chloroform DNA extraction	fastq	FMT.0154P_R1.fastq.gz	FMT.0154P_R2.fastq.gz
SAMN13502444	FMT.0154Q	PRJNA545312	Stool sample of allo-HCT patient	amplicon	GENOMIC	PCR	paired	ILLUMINA	Illumina MiSeq	PCR amplification of 16S V4-V5 regions; Bead-beating, phenol chloroform DNA extraction	fastq	FMT.0154Q_R1.fastq.gz	FMT.0154Q_R2.fastq.gz
SAMN13502445	FMT.0160Q	PRJNA545312	Stool sample of allo-HCT patient	amplicon	GENOMIC	PCR	paired	ILLUMINA	Illumina MiSeq	PCR amplification of 16S V4-V5 regions; Bead-beating, phenol chloroform DNA extraction	fastq	FMT.0160Q_R1.fastq.gz	FMT.0160Q_R2.fastq.gz
SAMN13502446	FMT.0160R	PRJNA545312	Stool sample of allo-HCT patient	amplicon	GENOMIC	PCR	paired	ILLUMINA	Illumina MiSeq	PCR amplification of 16S V4-V5 regions; Bead-beating, phenol chloroform DNA extraction	fastq	FMT.0160R_R1.fastq.gz	FMT.0160R_R2.fastq.gz
SAMN13502447	FMT.0160S	PRJNA545312	Stool sample of allo-HCT patient	amplicon	GENOMIC	PCR	paired	ILLUMINA	Illumina MiSeq	PCR amplification of 16S V4-V5 regions; Bead-beating, phenol chloroform DNA extraction	fastq	FMT.0160S_R1.fastq.gz	FMT.0160S_R2.fastq.gz
SAMN13502448	FMT.0160T	PRJNA545312	Stool sample of allo-HCT patient	amplicon	GENOMIC	PCR	paired	ILLUMINA	Illumina MiSeq	PCR amplification of 16S V4-V5 regions; Bead-beating, phenol chloroform DNA extraction	fastq	FMT.0160T_R1.fastq.gz	FMT.0160T_R2.fastq.gz
SAMN13502449	FMT.0171U	PRJNA545312	Stool sample of allo-HCT patient	amplicon	GENOMIC	PCR	paired	ILLUMINA	Illumina MiSeq	PCR amplification of 16S V4-V5 regions; Bead-beating, phenol chloroform DNA extraction	fastq	FMT.0171U_R1.fastq.gz	FMT.0171U_R2.fastq.gz
SAMN13502450	FMT.0171V	PRJNA545312	Stool sample of allo-HCT patient	amplicon	GENOMIC	PCR	paired	ILLUMINA	Illumina MiSeq	PCR amplification of 16S V4-V5 regions; Bead-beating, phenol chloroform DNA extraction	fastq	FMT.0171V_R1.fastq.gz	FMT.0171V_R2.fastq.gz
SAMN13502451	FMT.0171W	PRJNA545312	Stool sample of allo-HCT patient	amplicon	GENOMIC	PCR	paired	ILLUMINA	Illumina MiSeq	PCR amplification of 16S V4-V5 regions; Bead-beating, phenol chloroform DNA extraction	fastq	FMT.0171W_R1.fastq.gz	FMT.0171W_R2.fastq.gz
SAMN13502452	FMT.0173O	PRJNA545312	Stool sample of allo-HCT patient	amplicon	GENOMIC	PCR	paired	ILLUMINA	Illumina MiSeq	PCR amplification of 16S V4-V5 regions; Bead-beating, phenol chloroform DNA extraction	fastq	FMT.0173O_R1.fastq.gz	FMT.0173O_R2.fastq.gz
SAMN13502453	FMT.0173P	PRJNA545312	Stool sample of allo-HCT patient	amplicon	GENOMIC	PCR	paired	ILLUMINA	Illumina MiSeq	PCR amplification of 16S V4-V5 regions; Bead-beating, phenol chloroform DNA extraction	fastq	FMT.0173P_R1.fastq.gz	FMT.0173P_R2.fastq.gz
SAMN13502454	FMT.0173Q	PRJNA545312	Stool sample of allo-HCT patient	amplicon	GENOMIC	PCR	paired	ILLUMINA	Illumina MiSeq	PCR amplification of 16S V4-V5 regions; Bead-beating, phenol chloroform DNA extraction	fastq	FMT.0173Q_R1.fastq.gz	FMT.0173Q_R2.fastq.gz
SAMN13502455	FMT.0173R	PRJNA545312	Stool sample of allo-HCT patient	amplicon	GENOMIC	PCR	paired	ILLUMINA	Illumina MiSeq	PCR amplification of 16S V4-V5 regions; Bead-beating, phenol chloroform DNA extraction	fastq	FMT.0173R_R1.fastq.gz	FMT.0173R_R2.fastq.gz
SAMN13502456	FMT.0176S	PRJNA545312	Stool sample of allo-HCT patient	amplicon	GENOMIC	PCR	paired	ILLUMINA	Illumina MiSeq	PCR amplification of 16S V4-V5 regions; Bead-beating, phenol chloroform DNA extraction	fastq	FMT.0176S_R1.fastq.gz	FMT.0176S_R2.fastq.gz
SAMN13502457	FMT.0176T	PRJNA545312	Stool sample of allo-HCT patient	amplicon	GENOMIC	PCR	paired	ILLUMINA	Illumina MiSeq	PCR amplification of 16S V4-V5 regions; Bead-beating, phenol chloroform DNA extraction	fastq	FMT.0176T_R1.fastq.gz	FMT.0176T_R2.fastq.gz
SAMN13502458	FMT.0176U	PRJNA545312	Stool sample of allo-HCT patient	amplicon	GENOMIC	PCR	paired	ILLUMINA	Illumina MiSeq	PCR amplification of 16S V4-V5 regions; Bead-beating, phenol chloroform DNA extraction	fastq	FMT.0176U_R1.fastq.gz	FMT.0176U_R2.fastq.gz
SAMN13502459	FMT.0176V	PRJNA545312	Stool sample of allo-HCT patient	amplicon	GENOMIC	PCR	paired	ILLUMINA	Illumina MiSeq	PCR amplification of 16S V4-V5 regions; Bead-beating, phenol chloroform DNA extraction	fastq	FMT.0176V_R1.fastq.gz	FMT.0176V_R2.fastq.gz
SAMN13502460	FMT.0176W	PRJNA545312	Stool sample of allo-HCT patient	amplicon	GENOMIC	PCR	paired	ILLUMINA	Illumina MiSeq	PCR amplification of 16S V4-V5 regions; Bead-beating, phenol chloroform DNA extraction	fastq	FMT.0176W_R1.fastq.gz	FMT.0176W_R2.fastq.gz
SAMN13502461	FMT.0176X	PRJNA545312	Stool sample of allo-HCT patient	amplicon	GENOMIC	PCR	paired	ILLUMINA	Illumina MiSeq	PCR amplification of 16S V4-V5 regions; Bead-beating, phenol chloroform DNA extraction	fastq	FMT.0176X_R1.fastq.gz	FMT.0176X_R2.fastq.gz
SAMN13502462	FMT.0178AA	PRJNA545312	Stool sample of allo-HCT patient	amplicon	GENOMIC	PCR	paired	ILLUMINA	Illumina MiSeq	PCR amplification of 16S V4-V5 regions; Bead-beating, phenol chloroform DNA extraction	fastq	FMT.0178AA_R1.fastq.gz	FMT.0178AA_R2.fastq.gz
SAMN13502463	FMT.0178X	PRJNA545312	Stool sample of allo-HCT patient	amplicon	GENOMIC	PCR	paired	ILLUMINA	Illumina MiSeq	PCR amplification of 16S V4-V5 regions; Bead-beating, phenol chloroform DNA extraction	fastq	FMT.0178X_R1.fastq.gz	FMT.0178X_R2.fastq.gz
SAMN13502464	FMT.0178Y	PRJNA545312	Stool sample of allo-HCT patient	amplicon	GENOMIC	PCR	paired	ILLUMINA	Illumina MiSeq	PCR amplification of 16S V4-V5 regions; Bead-beating, phenol chloroform DNA extraction	fastq	FMT.0178Y_R1.fastq.gz	FMT.0178Y_R2.fastq.gz
SAMN13502465	FMT.0178Z	PRJNA545312	Stool sample of allo-HCT patient	amplicon	GENOMIC	PCR	paired	ILLUMINA	Illumina MiSeq	PCR amplification of 16S V4-V5 regions; Bead-beating, phenol chloroform DNA extraction	fastq	FMT.0178Z_R1.fastq.gz	FMT.0178Z_R2.fastq.gz
SAMN13502466	FMT.0182J	PRJNA545312	Stool sample of allo-HCT patient	amplicon	GENOMIC	PCR	paired	ILLUMINA	Illumina MiSeq	PCR amplification of 16S V4-V5 regions; Bead-beating, phenol chloroform DNA extraction	fastq	FMT.0182J_R1.fastq.gz	FMT.0182J_R2.fastq.gz
SAMN13502467	FMT.0182K	PRJNA545312	Stool sample of allo-HCT patient	amplicon	GENOMIC	PCR	paired	ILLUMINA	Illumina MiSeq	PCR amplification of 16S V4-V5 regions; Bead-beating, phenol chloroform DNA extraction	fastq	FMT.0182K_R1.fastq.gz	FMT.0182K_R2.fastq.gz
SAMN13502468	FMT.0182L	PRJNA545312	Stool sample of allo-HCT patient	amplicon	GENOMIC	PCR	paired	ILLUMINA	Illumina MiSeq	PCR amplification of 16S V4-V5 regions; Bead-beating, phenol chloroform DNA extraction	fastq	FMT.0182L_R1.fastq.gz	FMT.0182L_R2.fastq.gz
SAMN13502469	FMT.0191O	PRJNA545312	Stool sample of allo-HCT patient	amplicon	GENOMIC	PCR	paired	ILLUMINA	Illumina MiSeq	PCR amplification of 16S V4-V5 regions; Bead-beating, phenol chloroform DNA extraction	fastq	FMT.0191O_R1.fastq.gz	FMT.0191O_R2.fastq.gz
SAMN13502470	FMT.0191P	PRJNA545312	Stool sample of allo-HCT patient	amplicon	GENOMIC	PCR	paired	ILLUMINA	Illumina MiSeq	PCR amplification of 16S V4-V5 regions; Bead-beating, phenol chloroform DNA extraction	fastq	FMT.0191P_R1.fastq.gz	FMT.0191P_R2.fastq.gz
SAMN13502471	FMT.0191Q	PRJNA545312	Stool sample of allo-HCT patient	amplicon	GENOMIC	PCR	paired	ILLUMINA	Illumina MiSeq	PCR amplification of 16S V4-V5 regions; Bead-beating, phenol chloroform DNA extraction	fastq	FMT.0191Q_R1.fastq.gz	FMT.0191Q_R2.fastq.gz
SAMN13502472	FMT.0207N	PRJNA545312	Stool sample of allo-HCT patient	amplicon	GENOMIC	PCR	paired	ILLUMINA	Illumina MiSeq	PCR amplification of 16S V4-V5 regions; Bead-beating, phenol chloroform DNA extraction	fastq	FMT.0207N_R1.fastq.gz	FMT.0207N_R2.fastq.gz
SAMN13502473	FMT.0207O	PRJNA545312	Stool sample of allo-HCT patient	amplicon	GENOMIC	PCR	paired	ILLUMINA	Illumina MiSeq	PCR amplification of 16S V4-V5 regions; Bead-beating, phenol chloroform DNA extraction	fastq	FMT.0207O_R1.fastq.gz	FMT.0207O_R2.fastq.gz
SAMN13502474	FMT.0207P	PRJNA545312	Stool sample of allo-HCT patient	amplicon	GENOMIC	PCR	paired	ILLUMINA	Illumina MiSeq	PCR amplification of 16S V4-V5 regions; Bead-beating, phenol chloroform DNA extraction	fastq	FMT.0207P_R1.fastq.gz	FMT.0207P_R2.fastq.gz
SAMN13502475	FMT.0207Q	PRJNA545312	Stool sample of allo-HCT patient	amplicon	GENOMIC	PCR	paired	ILLUMINA	Illumina MiSeq	PCR amplification of 16S V4-V5 regions; Bead-beating, phenol chloroform DNA extraction	fastq	FMT.0207Q_R1.fastq.gz	FMT.0207Q_R2.fastq.gz
SAMN13502476	FMT.0207R	PRJNA545312	Stool sample of allo-HCT patient	amplicon	GENOMIC	PCR	paired	ILLUMINA	Illumina MiSeq	PCR amplification of 16S V4-V5 regions; Bead-beating, phenol chloroform DNA extraction	fastq	FMT.0207R_R1.fastq.gz	FMT.0207R_R2.fastq.gz
SAMN13502477	FMT.0224O	PRJNA545312	Stool sample of allo-HCT patient	amplicon	GENOMIC	PCR	paired	ILLUMINA	Illumina MiSeq	PCR amplification of 16S V4-V5 regions; Bead-beating, phenol chloroform DNA extraction	fastq	FMT.0224O_R1.fastq.gz	FMT.0224O_R2.fastq.gz
SAMN13502478	FMT.0224P	PRJNA545312	Stool sample of allo-HCT patient	amplicon	GENOMIC	PCR	paired	ILLUMINA	Illumina MiSeq	PCR amplification of 16S V4-V5 regions; Bead-beating, phenol chloroform DNA extraction	fastq	FMT.0224P_R1.fastq.gz	FMT.0224P_R2.fastq.gz
SAMN13502479	FMT.0224Q	PRJNA545312	Stool sample of allo-HCT patient	amplicon	GENOMIC	PCR	paired	ILLUMINA	Illumina MiSeq	PCR amplification of 16S V4-V5 regions; Bead-beating, phenol chloroform DNA extraction	fastq	FMT.0224Q_R1.fastq.gz	FMT.0224Q_R2.fastq.gz
SAMN13502480	FMT.0224R	PRJNA545312	Stool sample of allo-HCT patient	amplicon	GENOMIC	PCR	paired	ILLUMINA	Illumina MiSeq	PCR amplification of 16S V4-V5 regions; Bead-beating, phenol chloroform DNA extraction	fastq	FMT.0224R_R1.fastq.gz	FMT.0224R_R2.fastq.gz
SAMN13502481	FMT.0224S	PRJNA545312	Stool sample of allo-HCT patient	amplicon	GENOMIC	PCR	paired	ILLUMINA	Illumina MiSeq	PCR amplification of 16S V4-V5 regions; Bead-beating, phenol chloroform DNA extraction	fastq	FMT.0224S_R1.fastq.gz	FMT.0224S_R2.fastq.gz
SAMN13502482	FMT.0225B	PRJNA545312	Stool sample of allo-HCT patient	amplicon	GENOMIC	PCR	paired	ILLUMINA	Illumina MiSeq	PCR amplification of 16S V4-V5 regions; Bead-beating, phenol chloroform DNA extraction	fastq	FMT.0225B_R1.fastq.gz	FMT.0225B_R2.fastq.gz
SAMN13502483	FMT.0226C	PRJNA545312	Stool sample of allo-HCT patient	amplicon	GENOMIC	PCR	paired	ILLUMINA	Illumina MiSeq	PCR amplification of 16S V4-V5 regions; Bead-beating, phenol chloroform DNA extraction	fastq	FMT.0226C_R1.fastq.gz	FMT.0226C_R2.fastq.gz
SAMN13502484	FMT.0226D	PRJNA545312	Stool sample of allo-HCT patient	amplicon	GENOMIC	PCR	paired	ILLUMINA	Illumina MiSeq	PCR amplification of 16S V4-V5 regions; Bead-beating, phenol chloroform DNA extraction	fastq	FMT.0226D_R1.fastq.gz	FMT.0226D_R2.fastq.gz
SAMN13502485	FMT.0226E	PRJNA545312	Stool sample of allo-HCT patient	amplicon	GENOMIC	PCR	paired	ILLUMINA	Illumina MiSeq	PCR amplification of 16S V4-V5 regions; Bead-beating, phenol chloroform DNA extraction	fastq	FMT.0226E_R1.fastq.gz	FMT.0226E_R2.fastq.gz
SAMN13502486	FMT.0228B	PRJNA545312	Stool sample of allo-HCT patient	amplicon	GENOMIC	PCR	paired	ILLUMINA	Illumina MiSeq	PCR amplification of 16S V4-V5 regions; Bead-beating, phenol chloroform DNA extraction	fastq	FMT.0228B_R1.fastq.gz	FMT.0228B_R2.fastq.gz
SAMN13502487	FMT.0228C	PRJNA545312	Stool sample of allo-HCT patient	amplicon	GENOMIC	PCR	paired	ILLUMINA	Illumina MiSeq	PCR amplification of 16S V4-V5 regions; Bead-beating, phenol chloroform DNA extraction	fastq	FMT.0228C_R1.fastq.gz	FMT.0228C_R2.fastq.gz
SAMN13502488	FMT.0230C	PRJNA545312	Stool sample of allo-HCT patient	amplicon	GENOMIC	PCR	paired	ILLUMINA	Illumina MiSeq	PCR amplification of 16S V4-V5 regions; Bead-beating, phenol chloroform DNA extraction	fastq	FMT.0230C_R1.fastq.gz	FMT.0230C_R2.fastq.gz
SAMN13502489	FMT.0230D	PRJNA545312	Stool sample of allo-HCT patient	amplicon	GENOMIC	PCR	paired	ILLUMINA	Illumina MiSeq	PCR amplification of 16S V4-V5 regions; Bead-beating, phenol chloroform DNA extraction	fastq	FMT.0230D_R1.fastq.gz	FMT.0230D_R2.fastq.gz
SAMN13502490	FMT.0232C	PRJNA545312	Stool sample of allo-HCT patient	amplicon	GENOMIC	PCR	paired	ILLUMINA	Illumina MiSeq	PCR amplification of 16S V4-V5 regions; Bead-beating, phenol chloroform DNA extraction	fastq	FMT.0232C_R1.fastq.gz	FMT.0232C_R2.fastq.gz
SAMN13502491	FMT.0232E	PRJNA545312	Stool sample of allo-HCT patient	amplicon	GENOMIC	PCR	paired	ILLUMINA	Illumina MiSeq	PCR amplification of 16S V4-V5 regions; Bead-beating, phenol chloroform DNA extraction	fastq	FMT.0232E_R1.fastq.gz	FMT.0232E_R2.fastq.gz
SAMN13502492	FMT.0232F	PRJNA545312	Stool sample of allo-HCT patient	amplicon	GENOMIC	PCR	paired	ILLUMINA	Illumina MiSeq	PCR amplification of 16S V4-V5 regions; Bead-beating, phenol chloroform DNA extraction	fastq	FMT.0232F_R1.fastq.gz	FMT.0232F_R2.fastq.gz
SAMN13502493	FMT.0232G	PRJNA545312	Stool sample of allo-HCT patient	amplicon	GENOMIC	PCR	paired	ILLUMINA	Illumina MiSeq	PCR amplification of 16S V4-V5 regions; Bead-beating, phenol chloroform DNA extraction	fastq	FMT.0232G_R1.fastq.gz	FMT.0232G_R2.fastq.gz
SAMN13502494	FMT.0232H	PRJNA545312	Stool sample of allo-HCT patient	amplicon	GENOMIC	PCR	paired	ILLUMINA	Illumina MiSeq	PCR amplification of 16S V4-V5 regions; Bead-beating, phenol chloroform DNA extraction	fastq	FMT.0232H_R1.fastq.gz	FMT.0232H_R2.fastq.gz
SAMN13502495	FMT.0232I	PRJNA545312	Stool sample of allo-HCT patient	amplicon	GENOMIC	PCR	paired	ILLUMINA	Illumina MiSeq	PCR amplification of 16S V4-V5 regions; Bead-beating, phenol chloroform DNA extraction	fastq	FMT.0232I_R1.fastq.gz	FMT.0232I_R2.fastq.gz
SAMN13502496	FMT.0232J	PRJNA545312	Stool sample of allo-HCT patient	amplicon	GENOMIC	PCR	paired	ILLUMINA	Illumina MiSeq	PCR amplification of 16S V4-V5 regions; Bead-beating, phenol chloroform DNA extraction	fastq	FMT.0232J_R1.fastq.gz	FMT.0232J_R2.fastq.gz
SAMN13502497	FMT.0236L	PRJNA545312	Stool sample of allo-HCT patient	amplicon	GENOMIC	PCR	paired	ILLUMINA	Illumina MiSeq	PCR amplification of 16S V4-V5 regions; Bead-beating, phenol chloroform DNA extraction	fastq	FMT.0236L_R1.fastq.gz	FMT.0236L_R2.fastq.gz
SAMN13502498	FMT.0236M	PRJNA545312	Stool sample of allo-HCT patient	amplicon	GENOMIC	PCR	paired	ILLUMINA	Illumina MiSeq	PCR amplification of 16S V4-V5 regions; Bead-beating, phenol chloroform DNA extraction	fastq	FMT.0236M_R1.fastq.gz	FMT.0236M_R2.fastq.gz
SAMN13502499	FMT.0236N	PRJNA545312	Stool sample of allo-HCT patient	amplicon	GENOMIC	PCR	paired	ILLUMINA	Illumina MiSeq	PCR amplification of 16S V4-V5 regions; Bead-beating, phenol chloroform DNA extraction	fastq	FMT.0236N_R1.fastq.gz	FMT.0236N_R2.fastq.gz
SAMN13502500	FMT.0236O	PRJNA545312	Stool sample of allo-HCT patient	amplicon	GENOMIC	PCR	paired	ILLUMINA	Illumina MiSeq	PCR amplification of 16S V4-V5 regions; Bead-beating, phenol chloroform DNA extraction	fastq	FMT.0236O_R1.fastq.gz	FMT.0236O_R2.fastq.gz
SAMN13502501	FMT.0237C	PRJNA545312	Stool sample of allo-HCT patient	amplicon	GENOMIC	PCR	paired	ILLUMINA	Illumina MiSeq	PCR amplification of 16S V4-V5 regions; Bead-beating, phenol chloroform DNA extraction	fastq	FMT.0237C_R1.fastq.gz	FMT.0237C_R2.fastq.gz
SAMN13502502	FMT.0237D	PRJNA545312	Stool sample of allo-HCT patient	amplicon	GENOMIC	PCR	paired	ILLUMINA	Illumina MiSeq	PCR amplification of 16S V4-V5 regions; Bead-beating, phenol chloroform DNA extraction	fastq	FMT.0237D_R1.fastq.gz	FMT.0237D_R2.fastq.gz
SAMN13502503	FMT.0237E	PRJNA545312	Stool sample of allo-HCT patient	amplicon	GENOMIC	PCR	paired	ILLUMINA	Illumina MiSeq	PCR amplification of 16S V4-V5 regions; Bead-beating, phenol chloroform DNA extraction	fastq	FMT.0237E_R1.fastq.gz	FMT.0237E_R2.fastq.gz
SAMN13502504	FMT.0237G	PRJNA545312	Stool sample of allo-HCT patient	amplicon	GENOMIC	PCR	paired	ILLUMINA	Illumina MiSeq	PCR amplification of 16S V4-V5 regions; Bead-beating, phenol chloroform DNA extraction	fastq	FMT.0237G_R1.fastq.gz	FMT.0237G_R2.fastq.gz
SAMN13502505	FMT.0237H	PRJNA545312	Stool sample of allo-HCT patient	amplicon	GENOMIC	PCR	paired	ILLUMINA	Illumina MiSeq	PCR amplification of 16S V4-V5 regions; Bead-beating, phenol chloroform DNA extraction	fastq	FMT.0237H_R1.fastq.gz	FMT.0237H_R2.fastq.gz
SAMN13502506	FMT.0237I	PRJNA545312	Stool sample of allo-HCT patient	amplicon	GENOMIC	PCR	paired	ILLUMINA	Illumina MiSeq	PCR amplification of 16S V4-V5 regions; Bead-beating, phenol chloroform DNA extraction	fastq	FMT.0237I_R1.fastq.gz	FMT.0237I_R2.fastq.gz
SAMN13502507	FMT.0245B	PRJNA545312	Stool sample of allo-HCT patient	amplicon	GENOMIC	PCR	paired	ILLUMINA	Illumina MiSeq	PCR amplification of 16S V4-V5 regions; Bead-beating, phenol chloroform DNA extraction	fastq	FMT.0245B_R1.fastq.gz	FMT.0245B_R2.fastq.gz
SAMN13502508	FMT.0245D	PRJNA545312	Stool sample of allo-HCT patient	amplicon	GENOMIC	PCR	paired	ILLUMINA	Illumina MiSeq	PCR amplification of 16S V4-V5 regions; Bead-beating, phenol chloroform DNA extraction	fastq	FMT.0245D_R1.fastq.gz	FMT.0245D_R2.fastq.gz
SAMN13502509	FMT.0245E	PRJNA545312	Stool sample of allo-HCT patient	amplicon	GENOMIC	PCR	paired	ILLUMINA	Illumina MiSeq	PCR amplification of 16S V4-V5 regions; Bead-beating, phenol chloroform DNA extraction	fastq	FMT.0245E_R1.fastq.gz	FMT.0245E_R2.fastq.gz
SAMN13502510	FMT.0245G	PRJNA545312	Stool sample of allo-HCT patient	amplicon	GENOMIC	PCR	paired	ILLUMINA	Illumina MiSeq	PCR amplification of 16S V4-V5 regions; Bead-beating, phenol chloroform DNA extraction	fastq	FMT.0245G_R1.fastq.gz	FMT.0245G_R2.fastq.gz
SAMN13502511	FMT.0245H	PRJNA545312	Stool sample of allo-HCT patient	amplicon	GENOMIC	PCR	paired	ILLUMINA	Illumina MiSeq	PCR amplification of 16S V4-V5 regions; Bead-beating, phenol chloroform DNA extraction	fastq	FMT.0245H_R1.fastq.gz	FMT.0245H_R2.fastq.gz
SAMN13502512	FMT.0245I	PRJNA545312	Stool sample of allo-HCT patient	amplicon	GENOMIC	PCR	paired	ILLUMINA	Illumina MiSeq	PCR amplification of 16S V4-V5 regions; Bead-beating, phenol chloroform DNA extraction	fastq	FMT.0245I_R1.fastq.gz	FMT.0245I_R2.fastq.gz
SAMN13502513	FMT.0245J	PRJNA545312	Stool sample of allo-HCT patient	amplicon	GENOMIC	PCR	paired	ILLUMINA	Illumina MiSeq	PCR amplification of 16S V4-V5 regions; Bead-beating, phenol chloroform DNA extraction	fastq	FMT.0245J_R1.fastq.gz	FMT.0245J_R2.fastq.gz
SAMN13502514	FMT.0245K	PRJNA545312	Stool sample of allo-HCT patient	amplicon	GENOMIC	PCR	paired	ILLUMINA	Illumina MiSeq	PCR amplification of 16S V4-V5 regions; Bead-beating, phenol chloroform DNA extraction	fastq	FMT.0245K_R1.fastq.gz	FMT.0245K_R2.fastq.gz
